run_index;best_fitness
0;3.4495503695983984
1;2.7564752028063566
2;1.0461022144718441
3;3.1454840616470534
4;1.9065364935387947
5;1.6719666628920322
6;2.168830469198056
7;1.0371566183385
8;1.5128987107658673
9;3.606910795842026
