run_index;best_fitness
0;9.0589989456596
1;5.383441577197036
2;6.455296319096387
3;8.168029173185777
4;8.305890293666456
5;8.18646891086998
6;7.472257521668967
7;4.568812310095652
8;8.721579100184625
9;7.667209602991527
