run_index;best_fitness
0;0.024469892886848393
1;0.009306669468124518
2;0.013536542741421333
3;0.008503257592147385
4;0.012676582342106309
5;0.007087950800671812
6;0.015317328070346078
7;0.012120589802331007
8;0.010076580115858142
9;0.013909234379699776
